{"cameraMode":{"drawMode":0,"name":"Shaded","section":"Shading Mode"},"sceneLighting":false,"audioPlay":false,"sceneViewState":{"showFog":false,"showMaterialUpdate":false,"showSkybox":false,"showFlares":false,"showImageEffects":false,"showParticleSystems":false},"in2DMode":false,"pivot":{"x":58.709999084472659,"y":2.0754432678222658,"z":0.3693588376045227},"rotation":{"x":-0.018552690744400026,"y":0.7263004779815674,"z":-0.019612710922956468,"w":-0.6868632435798645},"size":8.137388229370118,"orthographic":false}