{"cameraMode":{"drawMode":0,"name":"Shaded","section":"Shading Mode"},"sceneLighting":false,"audioPlay":false,"sceneViewState":{"showFog":false,"showMaterialUpdate":false,"showSkybox":false,"showFlares":false,"showImageEffects":false,"showParticleSystems":false},"in2DMode":false,"pivot":{"x":52.485965728759769,"y":2.309999942779541,"z":-2.259999990463257},"rotation":{"x":-0.022725066170096399,"y":0.8621965646743774,"z":-0.038823798298835757,"w":-0.5045948028564453},"size":3.64404296875,"orthographic":false}