{"cameraMode":{"drawMode":0,"name":"Shaded","section":"Shading Mode"},"sceneLighting":false,"audioPlay":false,"sceneViewState":{"showFog":false,"showMaterialUpdate":false,"showSkybox":false,"showFlares":false,"showImageEffects":false,"showParticleSystems":false},"in2DMode":false,"pivot":{"x":-0.2109927535057068,"y":-0.5679789781570435,"z":0.48481059074401858},"rotation":{"x":-0.05250359699130058,"y":0.8969836235046387,"z":-0.11088878661394119,"w":-0.42469969391822817},"size":10.977646827697754,"orthographic":false}