{"cameraMode":{"drawMode":0,"name":"Shaded","section":"Shading Mode"},"sceneLighting":false,"audioPlay":false,"sceneViewState":{"showFog":false,"showMaterialUpdate":false,"showSkybox":false,"showFlares":false,"showImageEffects":false,"showParticleSystems":false},"in2DMode":false,"pivot":{"x":11.59999942779541,"y":2.5999999046325685,"z":-4.4800028800964359},"rotation":{"x":-0.020126182585954667,"y":0.9798725247383118,"z":-0.1390850991010666,"w":-0.14178875088691712},"size":20.401866912841798,"orthographic":false}