{"cameraMode":{"drawMode":0,"name":"Shaded","section":"Shading Mode"},"sceneLighting":true,"audioPlay":false,"sceneViewState":{"showFog":false,"showMaterialUpdate":false,"showSkybox":false,"showFlares":false,"showImageEffects":false,"showParticleSystems":false},"in2DMode":false,"pivot":{"x":-81.01980590820313,"y":29.675310134887697,"z":-206.33563232421876},"rotation":{"x":0.2648284435272217,"y":-0.5358946919441223,"z":0.18176259100437165,"w":0.7807990312576294},"size":2.9668173789978029,"orthographic":false}