{"cameraMode":{"drawMode":0,"name":"Shaded","section":"Shading Mode"},"sceneLighting":false,"audioPlay":false,"sceneViewState":{"showFog":false,"showMaterialUpdate":false,"showSkybox":false,"showFlares":false,"showImageEffects":false,"showParticleSystems":false},"in2DMode":false,"pivot":{"x":0.5944051742553711,"y":0.5600000023841858,"z":0.550000011920929},"rotation":{"x":0.1256176233291626,"y":-0.6932307481765747,"z":0.12464147806167603,"w":0.6986557841300964},"size":18.29937171936035,"orthographic":true}